Date,Total_Tea_Leaves,Rainfall,Holiday
2/1/2019,"17,279",0,0
2/2/2019,"21,965",0,0
2/3/2019,"27,204",0,0
2/4/2019,0,0,1
2/5/2019,"49,832",10.1,0
2/6/2019,"52,609",14.5,0
2/7/2019,"53,028",0,0
2/8/2019,"58,579",2.7,0
2/9/2019,"61,571",110,0
2/10/2019,"68,378",34.5,0
2/11/2019,"54,736",0,0
2/12/2019,"61,442",0,0
2/13/2019,"49,221",0,0
2/14/2019,"42,868",2,0
2/15/2019,"45,308",18.2,0
2/16/2019,"42,029",71,0
2/17/2019,"49,002",0,0
2/18/2019,"47,578",0,0
2/19/2019,"39,644",0,1
2/20/2019,"51,507",0,0
2/21/2019,"48,273",0,0
2/22/2019,"50,832",0,0
2/23/2019,"46,002",0,0
2/24/2019,"50,463",0,0
2/25/2019,"51,967",0,0
2/26/2019,"66,475",54,0
2/27/2019,"71,213",5.1,0
2/28/2019,"74,581",0,0
3/1/2019,"28,446",0,0
3/2/2019,"28,580",0,0
3/3/2019,"36,898",13,0
3/4/2019,"43,167",2.1,1
3/5/2019,"49,562",11.5,0
3/6/2019,"56,842",0,0
3/7/2019,"64,067",6.8,0
3/8/2019,"62,621",0,0
3/9/2019,"61,859",13,0
3/10/2019,"64,082",0,0
3/11/2019,"50,970",0,0
3/12/2019,"56,937",0,0
3/13/2019,"52,224",0,0
3/14/2019,"43,414",0,0
3/15/2019,"45,359",0,0
3/16/2019,"45,672",33.7,0
3/17/2019,"51,104",0,0
3/18/2019,"48,130",0,0
3/19/2019,"58,928",0,0
3/20/2019,"43,734",0,1
3/21/2019,"51,799",0,0
3/22/2019,"47,328",3.8,0
3/23/2019,"45,658",16.2,0
3/24/2019,"47,607",0,0
3/25/2019,"46,679",0,0
3/26/2019,"55,043",0,0
3/27/2019,"55,602",0,0
3/28/2019,"56,409",0,0
3/29/2019,"58,993",0,0
3/30/2019,"60,403",4.6,0
3/31/2019,"61,385",0,0
4/1/2019,"16,209",0,0
4/2/2019,"22,520",0,0
4/3/2019,"32,145",0,0
4/4/2019,"43,656",0,0
4/5/2019,"60,202",0,0
4/6/2019,"67,532",0,0
4/7/2019,"86,907",0,0
4/8/2019,"75,130",1.6,0
4/9/2019,"58,991",30.8,0
4/10/2019,461,0,0
4/11/2019,0,7.3,0
4/12/2019,0,0,0
4/13/2019,0,18.3,1
4/14/2019,0,0,1
4/15/2019,0,8.5,0
4/16/2019,0,6.8,0
4/17/2019,"32,868",56.1,0
4/18/2019,"66,460",0,0
4/19/2019,"73,179",0,1
4/20/2019,"89,143",0,0
4/21/2019,"80,690",28,0
4/22/2019,252,16.9,0
4/23/2019,"96,398",48.3,0
4/24/2019,"64,032",17.5,0
4/25/2019,"48,323",16.2,0
4/26/2019,"41,218",0,0
4/27/2019,"35,565",0,0
4/28/2019,"43,220",0,0
4/29/2019,"53,299",23.5,0
4/30/2019,"71,379",36.1,0
5/1/2019,"25,255",0,1
5/2/2019,"34,555",18.1,0
5/3/2019,"38,714",17.5,0
5/4/2019,"50,975",0,0
5/5/2019,"56,419",0,0
5/6/2019,"50,410",0,0
5/7/2019,"64,924",0,0
5/8/2019,"69,836",0,0
5/9/2019,"73,043",0,0
5/10/2019,"77,163",0,0
5/11/2019,"60,811",0,0
5/12/2019,"60,532",9.4,0
5/13/2019,"52,720",22.5,0
5/14/2019,"54,909",17,0
5/15/2019,"67,638",0,0
5/16/2019,"85,718",0,0
5/17/2019,"2,832",0,0
5/18/2019,0,0,1
5/19/2019,"86,512",0,1
5/20/2019,"108,529",0,0
5/21/2019,"85,903",35.5,0
5/22/2019,"38,435",8.5,0
5/23/2019,"58,746",1,0
5/24/2019,"69,647",2.7,0
5/25/2019,"49,199",6.7,0
5/26/2019,"50,936",1.1,0
5/27/2019,"31,551",0,0
5/28/2019,"35,528",0,0
5/29/2019,"38,107",0,0
5/30/2019,"40,541",11.4,0
5/31/2019,"37,640",25,0
6/1/2019,"18,120",0,0
6/2/2019,"25,488",10.6,0
6/3/2019,"27,534",18.5,0
6/4/2019,"25,244",37.2,0
6/5/2019,"37,181",13.1,1
6/6/2019,"32,853",59.7,0
6/7/2019,"33,600",40,0
6/8/2019,"44,012",5.6,0
6/9/2019,"49,683",67.2,0
6/10/2019,"39,674",18.1,0
6/11/2019,"42,460",16.5,0
6/12/2019,"33,312",9.7,0
6/13/2019,"36,819",2.5,0
6/14/2019,"36,140",73.9,0
6/15/2019,832,0,0
6/16/2019,0,4.3,1
6/17/2019,"53,857",6.4,0
6/18/2019,"62,911",1,0
6/19/2019,"60,321",27.4,0
6/20/2019,"52,055",25.5,0
6/21/2019,"37,302",30.5,0
6/22/2019,"50,651",13.7,0
6/23/2019,"47,734",8.1,0
6/24/2019,"36,477",30.4,0
6/25/2019,"48,471",2.9,0
6/26/2019,"47,599",0,0
6/27/2019,"54,503",0,0
6/28/2019,"64,939",0,0
6/29/2019,"71,064",0,0
6/30/2019,"82,225",0,0
7/1/2019,"27,559",0,0
7/2/2019,"39,715",2.3,0
7/3/2019,"45,790",0,0
7/4/2019,"45,491",0,0
7/5/2019,"52,739",0,0
7/6/2019,"50,906",0,0
7/7/2019,"60,191",0,0
7/8/2019,"58,600",0,0
7/9/2019,"64,941",70,0
7/10/2019,"65,276",0,0
7/11/2019,"56,781",1.5,0
7/12/2019,"49,026",21.2,0
7/13/2019,"43,194",9.4,0
7/14/2019,"49,397",0,0
7/15/2019,"39,272",0,0
7/16/2019,"19,791",18.5,1
7/17/2019,"48,208",32.5,0
7/18/2019,"31,442",83,0
7/19/2019,"57,432",14,0
7/20/2019,"53,236",1.5,0
7/21/2019,"48,097",18.1,0
7/22/2019,"35,977",3,0
7/23/2019,"38,751",0,0
7/24/2019,"36,812",1.2,0
7/25/2019,"31,893",9.1,0
7/26/2019,"32,640",0.5,0
7/27/2019,"32,008",0,0
7/28/2019,"37,193",0,0
7/29/2019,"42,490",0,0
7/30/2019,"60,530",0,0
7/31/2019,"55,622",0,0
8/1/2019,"16,037",11.7,0
8/2/2019,"25,315",0,0
8/3/2019,"29,794",0,0
8/4/2019,"38,641",7.8,0
8/5/2019,"42,694",1.5,0
8/6/2019,"57,689",9.5,0
8/7/2019,"64,611",13.7,0
8/8/2019,"59,107",11,0
8/9/2019,"67,399",4.5,0
8/10/2019,"51,555",62.5,0
8/11/2019,"65,369",0.8,0
8/12/2019,"40,465",28,1
8/13/2019,"33,213",117,0
8/14/2019,"41,006",28.2,1
8/15/2019,"64,027",0,0
8/16/2019,"59,277",0,0
8/17/2019,"46,643",18.3,0
8/18/2019,"64,476",10.2,0
8/19/2019,"55,261",14.5,0
8/20/2019,"61,871",4,0
8/21/2019,"59,284",20.8,0
8/22/2019,"37,495",20.5,0
8/23/2019,"46,712",25.2,0
8/24/2019,"50,989",7.8,0
8/25/2019,"46,856",56.4,0
8/26/2019,"35,662",13.1,0
8/27/2019,"52,735",4.4,0
8/28/2019,"49,796",6.2,0
8/29/2019,"59,552",85,0
8/30/2019,"57,740",15,0
8/31/2019,"70,492",14.2,0
9/1/2019,"23,456",62,0
9/2/2019,"28,810",2.3,0
9/3/2019,"38,224",6.5,0
9/4/2019,"42,240",2.3,0
9/5/2019,"37,700",15.3,0
9/6/2019,"42,662",3.3,0
9/7/2019,"43,779",0,0
9/8/2019,"48,837",1.5,0
9/9/2019,"43,697",1,0
9/10/2019,"53,582",14.8,0
9/11/2019,"41,536",38.5,0
9/12/2019,"31,499",5,0
9/13/2019,"26,503",0,1
9/14/2019,"45,727",0,0
9/15/2019,"39,727",89.4,0
9/16/2019,"30,046",57.7,0
9/17/2019,"55,436",15.6,0
9/18/2019,"57,121",23.7,0
9/19/2019,"51,837",32.5,0
9/20/2019,"56,233",31.1,0
9/21/2019,"43,900",8,0
9/22/2019,"46,311",37,0
9/23/2019,"22,645",79,0
9/24/2019,"39,252",57.2,0
9/25/2019,"42,799",20.5,0
9/26/2019,"52,548",0,0
9/27/2019,"51,344",9,0
9/28/2019,"52,459",16.8,0
9/29/2019,"62,664",18,0
9/30/2019,"58,117",42,0
10/1/2019,"20,152",5.1,0
10/2/2019,"23,143",0,0
10/3/2019,"24,754",14.8,0
10/4/2019,"31,057",37.9,0
10/5/2019,"33,533",29.7,0
10/6/2019,"39,204",17.3,0
10/7/2019,"40,226",13,0
10/8/2019,"52,893",3,0
10/9/2019,"57,698",2,0
10/10/2019,"59,397",13,0
10/11/2019,"50,808",23.2,0
10/12/2019,"44,191",1.8,0
10/13/2019,"36,703",9.4,1
10/14/2019,"43,569",10.5,0
10/15/2019,"50,801",68.4,0
10/16/2019,"49,365",20.5,0
10/17/2019,"53,788",2.2,0
10/18/2019,"49,660",21.9,0
10/19/2019,"52,599",27.6,0
10/20/2019,"56,915",58.4,0
10/21/2019,"41,248",37,0
10/22/2019,"56,716",8.9,0
10/23/2019,"53,607",18.3,0
10/24/2019,"42,660",17.7,0
10/25/2019,"52,977",2,0
10/26/2019,0,0,0
10/27/2019,0,0,1
10/28/2019,"45,676",10.4,0
10/29/2019,"78,292",18.1,0
10/30/2019,"78,542",21.2,0
10/31/2019,"83,770",0,0
11/1/2019,"28,324",0,0
11/2/2019,"30,766",27.5,0
11/3/2019,"29,165",35.2,0
11/4/2019,"35,836",1.3,0
11/5/2019,"42,502",15,0
11/6/2019,"35,110",0,0
11/7/2019,"43,544",4.3,0
11/8/2019,"50,278",19,0
11/9/2019,"51,258",11.6,0
11/10/2019,"60,023",3.9,1
11/11/2019,"52,533",50.7,0
11/12/2019,"41,985",21.2,1
11/13/2019,"58,997",0,0
11/14/2019,"58,457",0,0
11/15/2019,"50,457",0,0
11/16/2019,501,14.5,0
11/17/2019,"10,638",42.5,0
11/18/2019,"46,755",6.1,0
11/19/2019,"61,450",7.3,0
11/20/2019,"65,084",39.2,0
11/21/2019,"56,682",0,0
11/22/2019,"54,657",0,0
11/23/2019,"45,974",3.5,0
11/24/2019,"48,859",0,0
11/25/2019,"45,047",0,0
11/26/2019,"50,666",0,0
11/27/2019,"48,852",0,0
11/28/2019,"56,245",2.6,0
11/29/2019,"63,960",23.5,0
11/30/2019,"80,716",42.3,0
12/1/2019,"29,383",11,0
12/2/2019,"28,174",1,0
12/3/2019,"48,010",0,0
12/4/2019,"45,582",12.2,0
12/5/2019,"54,003",0,0
12/6/2019,"56,295",0.6,0
12/7/2019,"54,533",0,0
12/8/2019,"60,183",0,0
12/9/2019,"63,128",0,0
12/10/2019,"73,032",17.2,0
12/11/2019,"42,126",0,1
12/12/2019,"57,350",6.1,0
12/13/2019,"55,887",0,0
12/14/2019,"53,198",0,0
12/15/2019,"54,713",0,0
12/16/2019,"51,429",0,0
12/17/2019,"61,816",6.8,0
12/18/2019,"64,849",0,0
12/19/2019,"61,900",9,0
12/20/2019,"55,548",15.2,0
12/21/2019,"59,434",0,0
12/22/2019,689,0,0
12/23/2019,"65,654",3,0
12/24/2019,"56,083",0,0
12/25/2019,"45,738",15.7,1
12/26/2019,"54,966",15.1,0
12/27/2019,"58,677",0,0
12/28/2019,"58,969",0,0
12/29/2019,"65,123",0,0
12/30/2019,"61,339",5.3,0
12/31/2019,"62,391",4.1,0
1/1/2020,"45,816",0,0
1/2/2020,"30,153",0,0
1/3/2020,"37,971",0,0
1/4/2020,"37,883",29,0
1/5/2020,"43,860",2.6,0
1/6/2020,"43,477",0,0
1/7/2020,"53,566",0,0
1/8/2020,"58,406",0,0
1/9/2020,"60,295",0,0
1/10/2020,"44,014",0,1
1/11/2020,"56,573",0,0
1/12/2020,"54,683",0,0
1/13/2020,"43,140",0,0
1/14/2020,"48,899",0,0
1/15/2020,"36,457",0,1
1/16/2020,"38,779",0,0
1/17/2020,"50,282",15.7,0
1/18/2020,"50,720",0,0
1/19/2020,"57,722",6,0
1/20/2020,"51,400",0,0
1/21/2020,"58,730",0,0
1/22/2020,"55,390",0,0
1/23/2020,"48,614",0,0
1/24/2020,"46,989",0,0
1/25/2020,"44,738",0,0
1/26/2020,"47,334",0,0
1/27/2020,"45,659",0,0
1/28/2020,"62,445",0,0
1/29/2020,"67,998",0,0
1/30/2020,"67,680",0,0
1/31/2020,"71,562",2.5,0
2/1/2020,"25,578",0,0
2/2/2020,"31,261",0,0
2/3/2020,"31,692",0,0
2/4/2020,0,0,1
2/5/2020,"54,467",29,0
2/6/2020,"53,105",0,0
2/7/2020,"55,469",0,0
2/8/2020,"37,027",0,1
2/9/2020,"59,552",0,0
2/10/2020,"52,762",0,0
2/11/2020,"54,632",0,0
2/12/2020,"47,065",0,0
2/13/2020,"39,089",10,0
2/14/2020,"38,269",0,0
2/15/2020,"32,317",51.9,0
2/16/2020,"35,950",0,0
2/17/2020,"32,767",0,0
2/18/2020,"42,277",0,0
2/19/2020,"42,862",0,0
2/20/2020,"35,193",0,0
2/21/2020,"36,632",0,1
2/22/2020,"30,597",0,0
2/23/2020,"34,626",0,0
2/24/2020,"32,252",0,0
2/25/2020,"39,708",0,0
2/26/2020,"36,494",0,0
2/27/2020,"37,426",0,0
2/28/2020,"41,499",0,0
2/29/2020,"43,946",0,0
3/1/2020,"12,014",0,0
3/2/2020,"14,426",0,0
3/3/2020,"18,812",0,0
3/4/2020,"21,430",0,0
3/5/2020,"22,405",0,0
3/6/2020,"29,621",0,0
3/7/2020,"24,443",0,0
3/8/2020,"29,359",0,0
3/9/2020,0,53.5,1
3/10/2020,"45,044",0,0
3/11/2020,"37,268",0,0
3/12/2020,"31,150",0,0
3/13/2020,"29,812",0,0
3/14/2020,"25,498",0,0
3/15/2020,"29,061",0,0
3/16/2020,"21,757",0,0
3/17/2020,"30,192",0,0
3/18/2020,"35,901",0,0
3/19/2020,"30,923",0,0
3/20/2020,"41,192",3,0
3/21/2020,0,14.2,0
3/22/2020,0,0,0
3/23/2020,0,0,0
3/24/2020,124,0,0
3/25/2020,"98,923",0,0
3/26/2020,"64,867",0,0
3/27/2020,"56,875",0,0
3/28/2020,"47,358",0,0
3/29/2020,"47,160",0,0
3/30/2020,"33,711",2,0
3/31/2020,"53,514",4,0
4/1/2020,0,0,0
4/2/2020,0,0,0
4/3/2020,"34,804",0,0
4/4/2020,"45,591",0,0
4/5/2020,"60,297",0,0
4/6/2020,"48,493",0,0
4/7/2020,"91,838",0,1
4/8/2020,"110,075",5.6,0
4/9/2020,"73,832",35.9,0
4/10/2020,"1,069",31,1
4/11/2020,0,33.5,0
4/12/2020,0,0,1
4/13/2020,0,0.6,1
4/14/2020,0,5,0
4/15/2020,92,57.2,0
4/16/2020,"1,065",51.7,0
4/17/2020,"117,140",10.8,0
4/18/2020,"111,017",2.5,0
4/19/2020,"109,846",0,0
4/20/2020,"72,478",33.1,0
4/21/2020,"57,151",20.5,0
4/22/2020,"65,755",22.9,0
4/23/2020,"67,179",8.5,0
4/24/2020,"47,102",20.6,0
4/25/2020,"36,995",7.1,0
4/26/2020,"33,776",0,0
4/27/2020,"40,543",2.5,0
4/28/2020,"57,401",3,0
4/29/2020,"83,561",0,0
4/30/2020,"79,642",13,0
5/1/2020,"28,927",0,1
5/2/2020,"41,554",15.7,0
5/3/2020,"47,192",19.7,0
5/4/2020,"42,941",0,0
5/5/2020,"64,313",0,0
5/6/2020,504,1.5,0
5/7/2020,0,6,1
5/8/2020,"89,453",0,1
5/9/2020,"95,183",1.5,0
5/10/2020,"86,061",4.3,0
5/11/2020,"62,976",0,0
5/12/2020,"62,672",9.2,0
5/13/2020,"59,436",0,0
5/14/2020,"52,024",2.9,0
5/15/2020,"50,363",99,0
5/16/2020,"52,291",0,0
5/17/2020,"58,829",25.6,0
5/18/2020,"48,636",24.7,0
5/19/2020,"14,943",92.7,0
5/20/2020,"90,939",5.6,0
5/21/2020,"69,317",25.2,0
5/22/2020,"50,407",21.6,0
5/23/2020,"57,468",24.4,0
5/24/2020,"49,874",72.5,0
5/25/2020,"49,382",1.2,1
5/26/2020,"45,901",99.5,0
5/27/2020,"20,403",59.5,0
5/28/2020,"61,230",21.2,0
5/29/2020,"66,437",4.3,0
5/30/2020,"82,062",0,0
5/31/2020,"79,870",0,0
6/1/2020,"23,843",0,0
6/2/2020,"39,866",0,0
6/3/2020,"48,909",0,0
6/4/2020,0,0,0
6/5/2020,0,0,1
6/6/2020,"66,042",42,0
6/7/2020,"85,127",40.7,0
6/8/2020,"73,321",0,0
6/9/2020,"80,675",3.3,0
6/10/2020,"75,545",19,0
6/11/2020,"60,640",7.7,0
6/12/2020,"47,666",14.3,0
6/13/2020,"52,525",2.6,0
6/14/2020,"46,192",3.1,0
6/15/2020,"38,426",5.3,0
6/16/2020,"49,095",10.2,0
6/17/2020,"53,105",8.7,0
6/18/2020,"66,375",0,0
6/19/2020,"69,300",2.4,0
6/20/2020,"64,970",0.5,0
6/21/2020,"55,025",5.3,0
6/22/2020,"43,418",0,0
6/23/2020,"52,131",0,0
6/24/2020,"47,900",21.9,0
6/25/2020,"46,027",14.5,0
6/26/2020,"19,064",46.7,0
6/27/2020,"70,663",0,0
6/28/2020,"79,755",5.6,0
6/29/2020,"76,997",11,0
6/30/2020,"83,803",17.6,0
7/1/2020,"32,034",3.7,0
7/2/2020,"39,272",77.2,0
7/3/2020,"45,241",17.5,0
7/4/2020,"25,942",13,1
7/5/2020,"63,738",0,0
7/6/2020,"60,226",24.2,0
7/7/2020,"70,478",0,0
7/8/2020,"74,397",1,0
7/9/2020,"70,914",23.6,0
7/10/2020,"68,364",0,0
7/11/2020,"48,607",7,0
7/12/2020,"41,060",11.5,0
7/13/2020,"40,885",0,0
7/14/2020,"48,709",7,0
7/15/2020,"51,727",0,0
7/16/2020,"53,465",4.4,0
7/17/2020,"61,063",16.1,0
7/18/2020,"56,501",16.2,0
7/19/2020,"60,396",3,0
7/20/2020,"32,184",25,0
7/21/2020,"66,585",0,0
7/22/2020,"54,399",0,0
7/23/2020,"45,843",24.5,0
7/24/2020,"42,005",3.9,0
7/25/2020,"46,163",0,0
7/26/2020,"47,502",4.8,0
7/27/2020,"51,434",0,0
7/28/2020,"66,440",37.5,0
7/29/2020,"62,755",18.5,0
7/30/2020,"74,834",5.8,0
7/31/2020,"72,827",8.4,0
8/1/2020,"24,759",25.5,1
8/2/2020,"34,604",29.2,0
8/3/2020,"1,177",20,1
8/4/2020,"65,611",4,0
8/5/2020,"35,045",20.8,0
8/6/2020,"41,528",14.4,0
8/7/2020,"62,391",2,0
8/8/2020,"72,528",44.2,0
8/9/2020,"72,219",13.8,0
8/10/2020,"56,256",6.5,0
8/11/2020,"51,470",14.8,0
8/12/2020,"47,685",0,0
8/13/2020,"41,685",0.6,0
8/14/2020,"40,012",0,0
8/15/2020,"41,339",0,0
8/16/2020,"43,443",0,0
8/17/2020,"39,830",0,0
8/18/2020,"54,129",0,0
8/19/2020,"54,442",0,0
8/20/2020,"54,794",0,0
8/21/2020,"47,607",0,0
8/22/2020,"42,945",0,0
8/23/2020,"46,170",0,0
8/24/2020,"39,024",0,0
8/25/2020,"51,200",0,0
8/26/2020,"49,009",0,0
8/27/2020,"53,447",0,0
8/28/2020,"55,265",0,0
8/29/2020,"65,181",0,0
8/30/2020,"70,954",0,0
8/31/2020,"62,992",0,0
9/1/2020,0,72.7,1
9/2/2020,"31,267",25.5,0
9/3/2020,"42,213",14.3,0
9/4/2020,"49,603",1.5,0
9/5/2020,"53,864",17.9,0
9/6/2020,"43,185",61.9,0
9/7/2020,"46,246",0,0
9/8/2020,"61,490",24,0
9/9/2020,"53,821",22.9,0
9/10/2020,"55,328",10.9,0
9/11/2020,"50,343",15.2,0
9/12/2020,"39,621",37.8,0
9/13/2020,"38,493",16.7,0
9/14/2020,"31,104",7.6,0
9/15/2020,"42,500",31.3,0
9/16/2020,"41,889",16.9,0
9/17/2020,"46,865",36.5,0
9/18/2020,"40,708",45.5,0
9/19/2020,"52,503",35.3,0
9/20/2020,"51,706",57.5,0
9/21/2020,"40,040",12.6,0
9/22/2020,"45,624",14.8,0
9/23/2020,"41,908",6,0
9/24/2020,"40,715",19.4,0
9/25/2020,"45,019",0,0
9/26/2020,"39,641",0,0
9/27/2020,"49,193",2.3,0
9/28/2020,"53,690",10.6,0
9/29/2020,"61,211",66.8,0
9/30/2020,"85,587",25.6,0
10/1/2020,0,0.7,1
10/2/2020,"47,841",9.5,0
10/3/2020,"41,161",2.4,0
10/4/2020,"44,211",2.5,0
10/5/2020,"42,509",0,0
10/6/2020,"50,930",1.5,0
10/7/2020,"55,683",0,0
10/8/2020,"58,834",0.8,0
10/9/2020,"69,263",21.6,0
10/10/2020,"66,791",19.2,0
10/11/2020,"52,869",37,0
10/12/2020,"50,710",17.4,0
10/13/2020,"58,620",22.8,0
10/14/2020,"49,362",34.3,0
10/15/2020,"55,376",15.5,0
10/16/2020,"60,437",0,0
10/17/2020,"56,683",0,0
10/18/2020,"57,764",0,0
10/19/2020,"54,018",0,0
10/20/2020,"61,457",2.3,0
10/21/2020,"54,081",20.6,0
10/22/2020,"43,789",7.8,0
10/23/2020,"43,069",7.8,0
10/24/2020,"44,521",1,0
10/25/2020,"44,915",0,0
10/26/2020,"41,103",5,0
10/27/2020,"53,176",0,0
10/28/2020,"59,560",0,0
10/29/2020,"60,682",5.2,0
10/30/2020,"55,228",0,1
10/31/2020,"70,384",0,0
11/1/2020,"23,338",0,0
11/2/2020,"23,765",0,0
11/3/2020,"39,324",3.3,0
11/4/2020,"42,227",5.7,0
11/5/2020,"45,179",23.5,0
11/6/2020,"56,657",7,0
11/7/2020,"56,218",16.1,0
11/8/2020,"63,347",63,0
11/9/2020,"61,130",87,0
11/10/2020,"66,610",13.3,0
11/11/2020,"52,657",29.1,0
11/12/2020,"46,177",21.9,0
11/13/2020,"40,363",0,0
11/14/2020,"1,029",0,1
11/15/2020,"54,210",11.2,0
11/16/2020,"33,232",0,0
11/17/2020,"66,364",20.2,0
11/18/2020,"64,682",78.2,0
11/19/2020,"62,490",0,0
11/20/2020,"63,675",29.5,0
11/21/2020,"53,271",10.3,0
11/22/2020,"47,239",0,0
11/23/2020,"35,782",0,0
11/24/2020,"45,354",0,0
11/25/2020,"50,647",22,0
11/26/2020,"50,391",0,0
11/27/2020,"61,355",0,0
11/28/2020,"72,621",0,0
11/29/2020,"78,624",5.5,1
11/30/2020,"97,205",0,0
12/1/2020,"36,267",0,0
12/2/2020,"36,069",14.4,0
12/3/2020,"45,981",31.2,0
12/4/2020,"51,179",15.9,0
12/5/2020,"56,664",1.6,0
12/6/2020,"67,365",0,0
12/7/2020,"64,969",0,0
12/8/2020,"80,132",16.5,0
12/9/2020,"87,387",0,0
12/10/2020,"86,008",26.2,0
12/11/2020,"75,898",0,0
12/12/2020,"1,974",0,0
12/13/2020,"84,067",0,0
12/14/2020,"55,854",0,0
12/15/2020,"62,892",0,0
12/16/2020,"59,119",0,0
12/17/2020,"64,187",0,0
12/18/2020,"65,732",9.5,0
12/19/2020,"71,658",8.4,0
12/20/2020,"78,140",58,0
12/21/2020,"57,455",2.4,0
12/22/2020,"56,639",4.5,0
12/23/2020,"48,910",32.8,0
12/24/2020,"48,795",48.9,0
12/25/2020,"43,739",0,1
12/26/2020,"51,080",1.5,0
12/27/2020,"64,665",13.1,0
12/28/2020,"56,637",17.5,0
12/29/2020,"61,408",0,1
12/30/2020,"75,482",0,0
12/31/2020,"60,235",0,0
1/1/2021,"42,835",2.3,0
1/2/2021,"29,043",0,0
1/3/2021,"38,644",1.8,0
1/4/2021,"35,186",3.4,0
1/5/2021,"43,527",0,0
1/6/2021,"42,916",49.5,0
1/7/2021,"51,593",0,0
1/8/2021,"52,170",13.5,0
1/9/2021,"60,425",0.7,0
1/10/2021,"64,076",0.9,0
1/11/2021,"51,795",7.1,0
1/12/2021,"53,323",0,0
1/13/2021,"34,075",8.9,0
1/14/2021,"40,624",19,1
1/15/2021,"48,631",0,0
1/16/2021,"55,782",46,0
1/17/2021,"59,031",7.5,0
1/18/2021,"52,427",69.6,0
1/19/2021,"61,875",0,0
1/20/2021,"60,086",0,0
1/21/2021,"51,503",5.2,0
1/22/2021,"42,695",3.8,0
1/23/2021,"40,859",0,0
1/24/2021,"44,930",0,0
1/25/2021,"37,035",0,0
1/26/2021,"43,495",0,0
1/27/2021,"46,812",0,0
1/28/2021,"42,005",0,1
1/29/2021,"67,843",0,0
1/30/2021,"70,475",2,0
1/31/2021,"76,638",2,0
2/1/2021,"20,408",0,0
2/2/2021,"31,101",3,0
2/3/2021,"42,736",0,0
2/4/2021,"25,124",0,1
2/5/2021,"57,921",0,0
2/6/2021,"54,564",1.8,0
2/7/2021,"65,313",0,0
2/8/2021,"58,775",0,0
2/9/2021,"74,269",40,0
2/10/2021,"77,981",0,0
2/11/2021,"59,534",0,0
2/12/2021,"54,325",0,0
2/13/2021,"49,098",0,0
2/14/2021,"49,724",0,0
2/15/2021,"39,814",0,0
2/16/2021,"51,558",0,0
2/17/2021,"50,797",0,0
2/18/2021,"52,781",0,0
2/19/2021,"56,922",0,0
2/20/2021,"52,897",9,0
2/21/2021,"52,935",27.5,0
2/22/2021,"44,894",0,0
2/23/2021,"56,206",2,0
2/24/2021,"58,409",12.3,0
2/25/2021,"59,491",0,0
2/26/2021,"63,028",10.7,1
2/27/2021,"75,179",0,0
2/28/2021,"85,677",0,0
3/1/2021,"26,278",0,0
3/2/2021,"38,001",0,0
3/3/2021,"43,233",0,0
3/4/2021,"46,643",0,0
3/5/2021,"50,866",0,0
3/6/2021,"47,883",24,0
3/7/2021,"57,893",13,0
3/8/2021,"55,780",10,0
3/9/2021,"64,462",17.7,0
3/10/2021,"67,834",1.9,0
3/11/2021,"59,969",2.3,1
3/12/2021,"49,156",0,0
3/13/2021,"43,829",3.9,0
3/14/2021,"46,737",8.5,0
3/15/2021,"42,510",0,0
3/16/2021,"52,256",0,0
3/17/2021,"56,476",0,0
3/18/2021,"59,924",61.5,0
3/19/2021,"66,330",0,0
3/20/2021,"67,085",4.3,0
3/21/2021,"62,811",37.5,0
3/22/2021,"50,758",1.8,0
3/23/2021,"54,548",0,0
3/24/2021,"55,788",0,0
3/25/2021,"55,438",0,0
3/26/2021,"55,799",2.4,0
3/27/2021,"62,940",1.5,0
3/28/2021,"61,675",67.5,1
3/29/2021,"78,243",33.5,0
3/30/2021,"90,706",0,0
3/31/2021,"92,518",0,0
4/1/2021,"29,394",0,0
4/2/2021,"32,937",0,1
4/3/2021,"38,731",0,0
4/4/2021,"61,911",0,0
4/5/2021,"72,479",0,0
4/6/2021,"102,680",0,0
4/7/2021,"126,553",1.7,0
4/8/2021,"134,243",0,0
4/9/2021,"106,794",0,0
4/10/2021,"1,405",76.7,0
4/11/2021,0,0,0
4/12/2021,0,13,0
4/13/2021,0,0,1
4/14/2021,0,27,1
4/15/2021,0,1.4,0
4/16/2021,358,7.2,0
4/17/2021,"89,985",14.5,0
4/18/2021,"117,625",0,0
4/19/2021,"127,795",24.5,0
4/20/2021,"131,991",0,0
4/21/2021,"4,775",0,0
4/22/2021,"118,017",140.5,0
4/23/2021,"46,810",3.4,0
4/24/2021,"46,954",10,0
4/25/2021,"41,793",0,0
4/26/2021,"1,922",0,1
4/27/2021,"57,458",0,0
4/28/2021,"68,956",0,0
4/29/2021,"87,074",9.2,0
4/30/2021,"93,944",13.9,0
5/1/2021,"26,642",5.9,1
5/2/2021,"44,738",25.7,0
5/3/2021,"38,480",32.4,0
5/4/2021,"55,280",35.1,0
5/5/2021,"60,958",0,0
5/6/2021,"56,422",2.7,0
5/7/2021,"58,403",7.2,0
5/8/2021,"65,894",34.4,0
5/9/2021,"80,732",22.5,0
5/10/2021,"65,922",0,0
5/11/2021,"52,803",2.4,0
5/12/2021,"41,540",43.5,0
5/13/2021,"34,412",51.5,1
5/14/2021,"35,528",4.5,0
5/15/2021,"46,408",0,0
5/16/2021,"59,092",0,0
5/17/2021,"50,227",0,0
5/18/2021,"57,796",0,0
5/19/2021,"55,230",0,0
5/20/2021,"1,364",17.5,0
5/21/2021,0,0,1
5/22/2021,0,10.8,0
5/23/2021,"60,008",59,0
5/24/2021,348,84.8,0
5/25/2021,0,45.5,0
5/26/2021,0,35.5,1
5/27/2021,0,15,1
5/28/2021,"4,415",8,0
5/29/2021,"5,288",21.9,0
5/30/2021,"7,304",4.5,0
5/31/2021,"3,603",0,0
6/1/2021,"4,742",0,0
6/2/2021,"15,565",72.9,0
6/3/2021,"18,294",125.4,0
6/4/2021,"26,905",55,0
6/5/2021,"33,189",2,0
6/6/2021,"45,638",0,0
6/7/2021,"40,566",38.7,0
6/8/2021,"34,771",16.7,0
6/9/2021,"55,165",5.8,0
6/10/2021,"52,836",0,0
6/11/2021,"45,424",0,0
6/12/2021,"37,437",0,0
6/13/2021,"39,430",61.5,0
6/14/2021,"33,273",1,0
6/15/2021,"44,839",0,0
6/16/2021,"38,896",0,0
6/17/2021,"48,734",0,0
6/18/2021,"52,239",0,0
6/19/2021,"53,691",0,0
6/20/2021,"58,282",0,0
6/21/2021,"39,622",0,0
6/22/2021,"44,300",12.3,0
6/23/2021,"46,032",40.8,0
6/24/2021,256,3.3,1
6/25/2021,"61,992",0,0
6/26/2021,"61,665",9.6,0
6/27/2021,"65,459",24.4,0
6/28/2021,"66,508",0,0
6/29/2021,"81,143",6.1,0
6/30/2021,"79,488",6.6,0
7/1/2021,"21,198",31,0
7/2/2021,"26,151",2.5,0
7/3/2021,"33,150",0,0
7/4/2021,"33,171",0,0
7/5/2021,"36,163",9.4,0
7/6/2021,"45,674",0,0
7/7/2021,"51,016",6.4,0
7/8/2021,"53,288",5,0
7/9/2021,"36,509",179.5,0
7/10/2021,"43,235",6.2,0
7/11/2021,"62,360",0,0
7/12/2021,"36,178",3.5,0
7/13/2021,"38,385",0,0
7/14/2021,"33,404",2.1,0
7/15/2021,"32,529",5.5,0
7/16/2021,"39,759",3.8,0
7/17/2021,"41,442",6.8,0
7/18/2021,"46,190",12.5,0
7/19/2021,"42,664",0,0
7/20/2021,"51,226",0,1
7/21/2021,"48,424",12.1,0
7/22/2021,"45,318",35,0
7/23/2021,"19,707",24,1
7/24/2021,"42,710",28.2,0
7/25/2021,"53,811",7,0
7/26/2021,"28,968",29.2,0
7/27/2021,"60,439",11.8,0
7/28/2021,"59,922",10,0
7/29/2021,"59,373",0,0
7/30/2021,"71,026",0,0
7/31/2021,"74,352",0,0
8/1/2021,"25,790",0,0
8/2/2021,"20,738",0,0
8/3/2021,"29,250",0,0
8/4/2021,"38,477",1.2,0
8/5/2021,"43,207",7.3,0
8/6/2021,"47,768",21.5,0
8/7/2021,"30,475",31.2,0
8/8/2021,"42,398",50,0
8/9/2021,"68,626",19.7,0
8/10/2021,"76,984",2.6,0
8/11/2021,"57,196",7,0
8/12/2021,"23,514",6.8,0
8/13/2021,"53,823",0,0
8/14/2021,"40,835",0,0
8/15/2021,"43,194",0,0
8/16/2021,"34,945",1.6,0
8/17/2021,"44,443",2.7,0
8/18/2021,"45,800",3.2,0
8/19/2021,"49,423",0,0
8/20/2021,"54,665",4.5,0
8/21/2021,"50,770",0,0
8/22/2021,"33,978",13.4,1
8/23/2021,"43,414",0,0
8/24/2021,"41,988",4,0
8/25/2021,"42,462",63,0
8/26/2021,"37,239",36.6,0
8/27/2021,"41,389",23.1,0
8/28/2021,"60,397",47,0
8/29/2021,"64,706",16.8,0
8/30/2021,"63,885",0,0
8/31/2021,"60,875",3,0
9/1/2021,"20,451",24.3,0
9/2/2021,"22,262",2.5,0
9/3/2021,"33,645",25,0
9/4/2021,"20,034",72.9,0
9/5/2021,"43,177",38.3,0
9/6/2021,"38,818",8.2,0
9/7/2021,"48,164",2,0
9/8/2021,"54,880",11.9,0
9/9/2021,"62,223",1.1,0
9/10/2021,"61,888",3.5,0
9/11/2021,"48,099",0,0
9/12/2021,"38,947",12,0
9/13/2021,"31,072",21.4,0
9/14/2021,"34,228",5,0
9/15/2021,"37,686",39.5,0
9/16/2021,"32,320",4.2,0
9/17/2021,"49,768",9,0
9/18/2021,"51,659",0,0
9/19/2021,"56,017",0,0
9/20/2021,"35,138",3.5,1
9/21/2021,"54,288",16.5,0
9/22/2021,"51,292",5,0
9/23/2021,"45,868",9.4,0
9/24/2021,"46,694",2.6,0
9/25/2021,"50,702",5,0
9/26/2021,"39,385",71,0
9/27/2021,"51,810",25,0
9/28/2021,"62,562",25.3,0
9/29/2021,"89,330",0,0
9/30/2021,"84,198",3,0
10/1/2021,"17,780",42,0
10/2/2021,"24,483",3.8,0
10/3/2021,"34,619",9,0
10/4/2021,"29,053",36.1,0
10/5/2021,"26,665",70.4,0
10/6/2021,"44,686",3.4,0
10/7/2021,"53,439",0,0
10/8/2021,"56,970",0,0
10/9/2021,"59,366",0,0
10/10/2021,"67,515",12.8,0
10/11/2021,"34,606",9,0
10/12/2021,"51,146",20.7,0
10/13/2021,"46,087",0,0
10/14/2021,"39,438",1.1,0
10/15/2021,"39,689",7,0
10/16/2021,"39,762",11.2,0
10/17/2021,"42,178",13,0
10/18/2021,"44,051",0,0
10/19/2021,"57,535",0,1
10/20/2021,"43,193",53,1
10/21/2021,"47,515",0,0
10/22/2021,"48,023",2.5,0
10/23/2021,"42,732",0,0
10/24/2021,"41,872",2.6,0
10/25/2021,"32,760",52.5,0
10/26/2021,"45,809",17.1,0
10/27/2021,"46,660",2.6,0
10/28/2021,"50,082",1.7,0
10/29/2021,"63,628",0,0
10/30/2021,"73,554",3.5,0
10/31/2021,"67,714",94.8,0
11/1/2021,0,16.5,0
11/2/2021,"26,156",0,0
11/3/2021,"1,554",7.3,0
11/4/2021,511,0,1
11/5/2021,"47,803",11.2,0
11/6/2021,"42,434",81.2,0
11/7/2021,"33,921",52.4,0
11/8/2021,"42,472",38.8,0
11/9/2021,"65,854",4.5,0
11/10/2021,"67,738",0,0
11/11/2021,"50,617",22.7,0
11/12/2021,"37,646",17.3,0
11/13/2021,"41,305",0,0
11/14/2021,"33,219",15,0
11/15/2021,"25,580",28,0
11/16/2021,"32,752",14.2,0
11/17/2021,"38,590",11.4,0
11/18/2021,"24,354",0,1
11/19/2021,"41,947",44,0
11/20/2021,"43,642",0,0
11/21/2021,"36,870",0,0
11/22/2021,"26,760",0,0
11/23/2021,"33,223",13,0
11/24/2021,"28,417",8,0
11/25/2021,"33,192",2.6,0
11/26/2021,"42,743",0,0
11/27/2021,"39,141",13.5,0
11/28/2021,"47,993",42.2,0
11/29/2021,"53,199",0,0
11/30/2021,"63,596",48.7,0
12/1/2021,"21,387",42,0
12/2/2021,"1,325",0,0
12/3/2021,"37,959",2.5,0
12/4/2021,"32,818",17.9,0
12/5/2021,"41,269",63.7,0
12/6/2021,"36,134",0,0
12/7/2021,"46,000",15.7,0
12/8/2021,"43,062",5,0
12/9/2021,"51,003",9,0
12/10/2021,"59,209",0,0
12/11/2021,"50,973",0,0
12/12/2021,"50,811",1,0
12/13/2021,"36,222",9.5,0
12/14/2021,"44,920",26,0
12/15/2021,"44,122",1,0
12/16/2021,"41,502",12,0
12/17/2021,"46,884",6,0
12/18/2021,"33,652",17.5,1
12/19/2021,"53,433",0,0
12/20/2021,"49,696",0,0
12/21/2021,"54,847",11,0
12/22/2021,"47,530",0,0
12/23/2021,"42,772",0,0
12/24/2021,"45,999",0,0
12/25/2021,"36,716",0,1
12/26/2021,"47,423",0,0
12/27/2021,"43,311",0,0
12/28/2021,"55,850",0,0
12/29/2021,"61,602",0,0
12/30/2021,"66,990",0,0
12/31/2021,"53,779",0,0
1/1/2022,"42,815",20.3,0
1/2/2022,"25,345",0,0
1/3/2022,"26,929",0,0
1/4/2022,"39,864",9,0
1/5/2022,"41,397",0,0
1/6/2022,"44,213",0,0
1/7/2022,"46,036",16.5,0
1/8/2022,"54,146",0,0
1/9/2022,"64,129",58,0
1/10/2022,"61,248",2,0
1/11/2022,"70,748",0,0
1/12/2022,"57,496",9,0
1/13/2022,"50,207",0,0
1/14/2022,"37,287",0,1
1/15/2022,"43,092",0,0
1/16/2022,"48,595",32.7,0
1/17/2022,"35,460",23.5,1
1/18/2022,"55,842",0,0
1/19/2022,"55,320",0,0
1/20/2022,"53,346",0,0
1/21/2022,"48,207",0,0
1/22/2022,"39,322",0,0
1/23/2022,"42,120",0,0
1/24/2022,"32,558",18.3,0
1/25/2022,"43,349",0,0
1/26/2022,"41,684",1,0
1/27/2022,"42,698",0,0
1/28/2022,"47,230",0,0
1/29/2022,"52,733",0,0
1/30/2022,"60,017",0,0
1/31/2022,"59,732",13.2,0
2/1/2022,"21,635",0,0
2/2/2022,"28,253",0,0
2/3/2022,"1,030",0,0
2/4/2022,"32,483",0,1
2/5/2022,"46,630",0,0
2/6/2022,"49,903",0,0
2/7/2022,"47,610",0,0
2/8/2022,"59,105",0,0
2/9/2022,"58,581",0,0
2/10/2022,"60,857",0,0
2/11/2022,"52,461",2,0
2/12/2022,"46,639",72,0
2/13/2022,"47,185",16.5,0
2/14/2022,"37,117",37.8,0
2/15/2022,"48,737",0,0
2/16/2022,"36,669",0,1
2/17/2022,"50,100",0,0
2/18/2022,"47,623",0,0
2/19/2022,"50,202",0,0
2/20/2022,"46,919",0,0
2/21/2022,"35,576",0,0
2/22/2022,"46,484",23.3,0
2/23/2022,"46,519",4,0
2/24/2022,"50,216",1.8,0
2/25/2022,"52,938",0,0
2/26/2022,"52,394",3.5,0
2/27/2022,"60,862",0,0
2/28/2022,"57,428",0,0
3/1/2022,"5,125",0,1
3/2/2022,"34,660",0,0
3/3/2022,"34,882",0,0
3/4/2022,"26,982",0,0
3/5/2022,"32,763",0,0
3/6/2022,"30,249",0,0
3/7/2022,"34,973",0,0
3/8/2022,"55,633",62,0
3/9/2022,"51,144",0,0
3/10/2022,"57,391",22.3,0
3/11/2022,"51,771",34.2,0
3/12/2022,"45,228",9,0
3/13/2022,"48,627",0,0
3/14/2022,"37,411",0,0
3/15/2022,"47,537",0,0
3/16/2022,"44,176",0,0
3/17/2022,"28,666",0,1
3/18/2022,"49,582",13,0
3/19/2022,"47,927",12.5,0
3/20/2022,"53,545",0,0
3/21/2022,"46,090",0,0
3/22/2022,"51,165",0,0
3/23/2022,"48,486",0,0
3/24/2022,"46,844",0,0
3/25/2022,"48,718",0,0
3/26/2022,"49,248",0,0
3/27/2022,"53,214",0,0
3/28/2022,"47,100",0,0
3/29/2022,"63,867",12.5,0
3/30/2022,"73,615",35,0
3/31/2022,"67,687",47.3,0
4/1/2022,"2,655",2.7,0
4/2/2022,"37,335",5.5,0
4/3/2022,848,13.5,0
4/4/2022,"63,742",10,0
4/5/2022,"74,946",9,0
4/6/2022,"82,792",23.5,0
4/7/2022,"104,222",15,0
4/8/2022,"102,523",14.5,0
4/9/2022,"79,690",13.5,0
4/10/2022,"1,220",11.5,0
4/11/2022,0,0,0
4/12/2022,0,10.5,0
4/13/2022,0,10,1
4/14/2022,0,0,1
4/15/2022,0,0,1
4/16/2022,0,0,1
4/17/2022,"46,151",0,0
4/18/2022,"71,586",6.5,0
4/19/2022,"89,340",0,0
4/20/2022,"91,511",8.5,0
4/21/2022,"79,594",1.7,0
4/22/2022,"62,909",6,0
4/23/2022,"57,656",58,0
4/24/2022,"44,728",16.5,0
4/25/2022,"32,409",0,0
4/26/2022,"34,058",0,0
4/27/2022,"37,577",37.5,0
4/28/2022,"46,608",26.5,0
4/29/2022,"64,976",6.5,0
4/30/2022,"74,493",7.7,0
5/1/2022,"1,029",32,1
5/2/2022,"29,617",28,0
5/3/2022,"51,960",0,1
5/4/2022,"49,977",8.2,0
5/5/2022,"44,484",6.2,0
5/6/2022,"8,776",0,0
5/7/2022,"81,117",0,0
5/8/2022,"79,190",0,0
5/9/2022,"67,336",85,0
5/10/2022,"5,668",61,0
5/11/2022,"89,763",9.5,0
5/12/2022,"64,274",57.2,0
5/13/2022,"59,547",103,0
5/14/2022,397,108,0
5/15/2022,0,9,1
5/16/2022,"56,999",29.2,1
5/17/2022,"72,684",35,0
5/18/2022,"49,177",48.2,0
5/19/2022,"57,975",7,0
5/20/2022,"64,595",9,0
5/21/2022,"54,209",8.5,0
5/22/2022,"53,134",2,0
5/23/2022,"37,996",25,0
5/24/2022,"40,542",85,0
5/25/2022,"38,712",0,0
5/26/2022,"33,566",22,0
5/27/2022,"43,609",56,0
5/28/2022,"44,254",23.5,0
5/29/2022,"46,232",31,0
5/30/2022,"54,388",87.5,0
5/31/2022,"14,036",72.5,0
6/1/2022,"4,988",8,0
6/2/2022,"45,402",18.3,0
6/3/2022,"37,017",9.3,0
6/4/2022,"27,512",0,0
6/5/2022,"34,761",14.6,0
6/6/2022,"26,105",24.5,0
6/7/2022,"37,439",18.5,0
6/8/2022,"48,072",3.2,0
6/9/2022,"36,988",2.8,0
6/10/2022,"53,126",1.4,0
6/11/2022,"37,237",2,0
6/12/2022,"52,207",2.2,0
6/13/2022,940,0,0
6/14/2022,0,0,1
6/15/2022,"49,632",32.8,0
6/16/2022,"47,717",3.2,0
6/17/2022,"49,226",11,0
6/18/2022,"31,405",17,0
6/19/2022,"54,799",0,0
6/20/2022,"33,887",32,0
6/21/2022,"47,570",12.3,0
6/22/2022,"43,677",2.5,0
6/23/2022,"34,093",4,0
6/24/2022,"41,939",20.5,0
6/25/2022,"35,326",10.5,0
6/26/2022,"50,379",0,0
6/27/2022,"35,852",0,0
6/28/2022,"66,113",0,0
6/29/2022,"78,429",0,0
6/30/2022,"74,930",0,0
7/1/2022,"1,388",0,0
7/2/2022,98,37.5,0
7/3/2022,"39,980",28,0
7/4/2022,"8,574",12.8,0
7/5/2022,"64,152",0,0
7/6/2022,"34,631",0,0
7/7/2022,"49,637",0,0
7/8/2022,"60,102",0,0
7/9/2022,"52,893",0,0
7/10/2022,"62,359",13.5,1
7/11/2022,"53,431",0,0
7/12/2022,"1,292",0,0
7/13/2022,352,0,1
7/14/2022,"70,398",9.5,0
7/15/2022,"58,716",0,0
7/16/2022,"43,959",17.5,0
7/17/2022,"45,902",0,0
7/18/2022,"38,356",0,0
7/19/2022,"60,475",10.1,0
7/20/2022,"51,810",9.7,0
7/21/2022,"41,790",66.8,0
7/22/2022,"42,638",12.6,0
7/23/2022,"30,762",1.5,0
7/24/2022,"42,022",0,0
7/25/2022,"27,668",0,0
7/26/2022,"41,284",1.5,0
7/27/2022,"42,197",4.8,0
7/28/2022,"47,689",0,0
7/29/2022,"61,681",14.8,0
7/30/2022,"60,706",1.5,0
7/31/2022,"59,971",47.6,0
8/1/2022,0,22,0
8/2/2022,"17,303",49,0
8/3/2022,"24,006",46.3,0
8/4/2022,"20,184",18.5,0
8/5/2022,"36,074",5.9,0
8/6/2022,"29,823",0,0
8/7/2022,"40,631",6,0
8/8/2022,"34,785",2.5,0
8/9/2022,"57,516",0,0
8/10/2022,"51,297",0,0
8/11/2022,569,0,1
8/12/2022,"58,953",0,0
8/13/2022,"36,660",0,0
8/14/2022,"38,736",0,0
8/15/2022,"31,376",0,0
8/16/2022,"42,910",0,0
8/17/2022,"48,826",0,0
8/18/2022,"45,985",29,0
8/19/2022,"62,848",6.7,0
8/20/2022,"52,086",0,0
8/21/2022,"62,816",4.3,0
8/22/2022,"39,465",12.8,0
8/23/2022,"65,953",20.5,0
8/24/2022,"66,302",5.4,0
8/25/2022,"60,656",1.4,0
8/26/2022,"64,161",41,0
8/27/2022,"69,365",0,0
8/28/2022,"88,072",0,0
8/29/2022,"83,901",3.5,0
8/30/2022,"117,110",14.5,0
8/31/2022,"86,868",104.1,0
9/1/2022,"1,236",7.4,0
9/2/2022,"56,949",2,0
9/3/2022,"42,168",28,0
9/4/2022,"51,407",53.5,0
9/5/2022,"21,022",54.8,0
9/6/2022,"54,904",0,0
9/7/2022,"72,999",9.4,0
9/8/2022,"72,983",0,0
9/9/2022,"76,447",0,0
9/10/2022,"27,437",0,1
9/11/2022,"63,872",0,0
9/12/2022,"40,061",0,0
9/13/2022,"55,671",0,0
9/14/2022,"49,242",0,0
9/15/2022,"41,316",0,0
9/16/2022,"48,994",0,0
9/17/2022,"41,816",0,0
9/18/2022,"56,872",0,0
9/19/2022,"48,048",0,0
9/20/2022,"61,198",0,0
9/21/2022,"58,892",0,0
9/22/2022,"43,460",0,0
9/23/2022,"46,628",0,0
9/24/2022,"34,220",0,0
9/25/2022,"50,655",0,0
9/26/2022,"45,667",0,0
9/27/2022,"60,258",0,0
9/28/2022,"73,751",0,0
9/29/2022,"84,905",0,0
9/30/2022,"87,949",0,0
10/1/2022,421,0,0
10/2/2022,"38,188",0,0
10/3/2022,"25,302",0,0
10/4/2022,"41,856",0,0
10/5/2022,"48,374",0,0
10/6/2022,"47,374",0,0
10/7/2022,"61,857",0,0
10/8/2022,"51,339",0,0
10/9/2022,"45,784",0,1
10/10/2022,"59,847",0,0
10/11/2022,"64,397",0,0
10/12/2022,"37,453",0,0
10/13/2022,"45,125",0,0
10/14/2022,"31,705",0,0
10/15/2022,"30,976",0,0
10/16/2022,"51,414",0,0
10/17/2022,"31,812",0,0
10/18/2022,"52,692",0,0
10/19/2022,"59,433",0,0
10/20/2022,"56,308",0,0
10/21/2022,"26,848",0,0
10/22/2022,"49,253",0,0
10/23/2022,0,0,0
10/24/2022,0,0,1
10/25/2022,"57,731",0,0
10/26/2022,"51,523",0,0
10/27/2022,"51,412",0,0
10/28/2022,"49,044",0,0
10/29/2022,"53,387",0,0
10/30/2022,"64,513",0,0
10/31/2022,"58,977",0,0
11/1/2022,0,0,0
11/2/2022,"11,093",0,0
11/3/2022,"28,360",0,0
11/4/2022,"25,994",0,0
11/5/2022,"23,487",0,0
11/6/2022,"34,573",0,0
11/7/2022,"12,270",0,1
11/8/2022,"60,009",0,0
11/9/2022,"59,547",0,0
11/10/2022,"66,713",0,0
11/11/2022,"59,951",0,0
11/12/2022,"40,876",0,0
11/13/2022,"51,507",0,0
11/14/2022,"39,590",0,0
11/15/2022,"53,145",0,0
11/16/2022,"49,746",0,0
11/17/2022,"44,189",0,0
11/18/2022,"50,273",0,0
11/19/2022,"43,587",0,0
11/20/2022,"54,670",0,0
11/21/2022,"40,512",0,0
11/22/2022,"42,550",0,0
11/23/2022,"38,664",0,0
11/24/2022,"35,437",0,0
11/25/2022,"37,970",0,0
11/26/2022,"39,275",0,0
11/27/2022,"53,300",0,0
11/28/2022,"58,074",0,0
11/29/2022,"84,813",0,0
11/30/2022,"88,071",0,0
12/1/2022,"2,582",0,0
12/2/2022,"34,246",0,0
12/3/2022,"29,208",0,0
12/4/2022,"45,237",0,0
12/5/2022,"37,153",0,0
12/6/2022,"59,884",0,0
12/7/2022,"22,741",0,1
12/8/2022,"82,409",0,0
12/9/2022,"80,639",0,0
12/10/2022,"59,752",0,0
12/11/2022,"71,223",0,0
12/12/2022,"45,214",0,0
12/13/2022,"54,825",0,0
12/14/2022,"45,799",0,0
12/15/2022,"43,853",0,0
12/16/2022,"43,060",0,0
12/17/2022,"37,024",0,0
12/18/2022,"42,866",0,0
12/19/2022,"42,896",0,0
12/20/2022,"49,025",0,0
12/21/2022,"37,599",0,0
12/22/2022,"29,900",0,0
12/23/2022,"30,474",0,0
12/24/2022,"28,424",0,0
12/25/2022,"6,330",0,1
12/26/2022,"39,227",0,0
12/27/2022,"45,737",0,0
12/28/2022,"52,841",0,0
12/29/2022,"57,896",0,0
12/30/2022,"60,150",0,0
12/31/2022,"45,707",0,0
1/1/2023,"37,083",0,0
1/2/2023,"14,838",0,0
1/3/2023,"25,484",0,0
1/4/2023,"24,443",0,0
1/5/2023,"31,484",0,0
1/6/2023,497,0,1
1/7/2023,"48,093",0,0
1/8/2023,"50,566",0,0
1/9/2023,"51,532",0,0
1/10/2023,"62,072",0,0
1/11/2023,"54,781",0,0
1/12/2023,"46,389",0,0
1/13/2023,"42,153",0,0
1/14/2023,"33,325",0,0
1/15/2023,"32,844",0,1
1/16/2023,"35,027",0,0
1/17/2023,"50,942",0,0
1/18/2023,"53,885",0,0
1/19/2023,"54,966",0,0
1/20/2023,"60,368",0,0
1/21/2023,"51,038",0,0
1/22/2023,"52,834",0,0
1/23/2023,"41,661",0,0
1/24/2023,"51,275",0,0
1/25/2023,"46,800",0,0
1/26/2023,"47,215",0,0
1/27/2023,"55,468",0,0
1/28/2023,"58,654",0,0
1/29/2023,"72,816",0,0
1/30/2023,"80,471",0,0
1/31/2023,"83,325",0,0
2/1/2023,"22,982",0,0
2/2/2023,"27,669",0,0
2/3/2023,0,0,0
2/4/2023,0,0,1
2/5/2023,"47,170",0,1
2/6/2023,"64,940",0,0
2/7/2023,"69,311",0,0
2/8/2023,"67,547",0,0
2/9/2023,"66,460",0,0
2/10/2023,"69,728",0,0
2/11/2023,"49,743",0,0
2/12/2023,"54,416",0,0
2/13/2023,"37,752",0,0
2/14/2023,"41,255",0,0
2/15/2023,"35,108",0,0
2/16/2023,"33,934",0,0
2/17/2023,"36,940",0,0
2/18/2023,"30,743",0,1
2/19/2023,"40,692",0,0
2/20/2023,"26,973",0,0
2/21/2023,"47,463",0,0
2/22/2023,"45,005",0,0
2/23/2023,"45,043",0,0
2/24/2023,"46,269",0,0
2/25/2023,"44,361",0,0
2/26/2023,"59,080",0,0
2/27/2023,"62,645",0,0
2/28/2023,"71,256",0,0
3/1/2023,963,0,0
3/2/2023,"31,540",0,0
3/3/2023,"30,160",0,0
3/4/2023,"30,842",0,0
3/5/2023,"38,895",0,0
3/6/2023,"13,003",0,0
3/7/2023,"60,453",0,1
3/8/2023,"61,886",0,0
3/9/2023,"62,734",0,0
3/10/2023,"71,308",0,0
3/11/2023,"53,368",0,0
3/12/2023,"49,767",0,0
3/13/2023,"39,961",0,0
3/14/2023,"46,249",0,0
3/15/2023,"48,700",0,0
3/16/2023,"43,994",0,0
3/17/2023,"50,794",0,0
3/18/2023,"47,744",0,0
3/19/2023,"59,217",0,0
3/20/2023,"44,521",0,0
3/21/2023,"65,307",0,0
3/22/2023,"52,461",0,0
3/23/2023,"48,273",0,0
3/24/2023,"52,702",0,0
3/25/2023,"51,100",0,0
3/26/2023,"58,996",0,0
3/27/2023,"59,766",0,0
3/28/2023,"71,562",0,0
3/29/2023,"76,940",0,0
3/30/2023,"82,174",0,0
3/31/2023,"80,441",0,0
4/1/2023,"18,402",0,0
4/2/2023,"27,126",33,0
4/3/2023,"29,813",0,0
4/4/2023,"50,152",12.7,0
4/5/2023,"74,415",0,1
4/6/2023,"96,391",17.5,0
4/7/2023,"107,246",4.2,1
4/8/2023,"103,431",0,0
4/9/2023,"78,345",0,0
4/10/2023,372,0,0
4/11/2023,0,0,0
4/12/2023,0,0,0
4/13/2023,0,0,1
4/14/2023,0,0,1
4/15/2023,0,0,0
4/16/2023,668,6.5,0
4/17/2023,"69,133",0,0
4/18/2023,"80,858",0,0
4/19/2023,"102,524",0,0
4/20/2023,"96,436",0,0
4/21/2023,"88,744",0,0
4/22/2023,"63,750",0,1
4/23/2023,"52,365",0,0
4/24/2023,"37,149",0,0
4/25/2023,"42,933",2,0
4/26/2023,"38,008",2,0
4/27/2023,"47,762",0,0
4/28/2023,"60,900",0,0
4/29/2023,"79,041",1,0
4/30/2023,"82,421",1,0
5/1/2023,"25,761",6.7,1
5/2/2023,"41,595",0,0
5/3/2023,"50,712",0,0
5/4/2023,0,0,0
5/5/2023,0,23.6,1
5/6/2023,"40,995",9.6,1
5/7/2023,"78,301",2,0
5/8/2023,"76,830",6.9,0
5/9/2023,"91,251",18.7,0
5/10/2023,"82,432",0,0
5/11/2023,"64,879",34.7,0
5/12/2023,"55,574",35.7,0
5/13/2023,"54,667",22.3,0
5/14/2023,"47,158",20.3,0
5/15/2023,"48,873",0,0
5/16/2023,"50,572",0,0
5/17/2023,"48,326",5.7,0
5/18/2023,"51,313",18,0
5/19/2023,"58,399",27,0
5/20/2023,"57,674",0,0
5/21/2023,"55,601",0,0
5/22/2023,"45,398",0,0
5/23/2023,"41,649",0,0
5/24/2023,"43,416",0,0
5/25/2023,"42,975",0,0
5/26/2023,"43,857",0,0
5/27/2023,"49,581",0,0
5/28/2023,"58,643",0,0
5/29/2023,"53,065",0,0
5/30/2023,"68,664",11.3,0
5/31/2023,"65,853",1.3,0
6/1/2023,"25,415",182,0
6/2/2023,153,0,0
6/3/2023,0,17.5,1
6/4/2023,"40,272",1.5,0
6/5/2023,"61,455",38.9,0
6/6/2023,"72,778",0,0
6/7/2023,"67,392",9.2,0
6/8/2023,"64,564",9.8,0
6/9/2023,"80,970",22.9,0
6/10/2023,"61,830",27.5,0
6/11/2023,"57,958",15,0
6/12/2023,"42,651",91.6,0
6/13/2023,"40,005",32.4,0
6/14/2023,"38,577",0,0
6/15/2023,"39,015",5.3,0
6/16/2023,"37,423",0,0
6/17/2023,"38,315",10.5,0
6/18/2023,"52,154",0,0
6/19/2023,"48,254",3.3,0
6/20/2023,"57,878",4.6,0
6/21/2023,"51,306",17.2,0
6/22/2023,"45,957",6.4,0
6/23/2023,"40,186",3.8,0
6/24/2023,"39,104",9.2,0
6/25/2023,"47,644",33.1,0
6/26/2023,"56,151",22.5,0
6/27/2023,"68,257",25,0
6/28/2023,"74,053",6.3,0
6/29/2023,"90,403",40.5,1
6/30/2023,"92,474",0,0
7/1/2023,"37,725",14.2,0
7/2/2023,341,20.2,0
7/3/2023,0,50.3,1
7/4/2023,"53,380",31.7,0
7/5/2023,"58,038",11.3,0
7/6/2023,"61,885",0,0
7/7/2023,"64,075",0,0
7/8/2023,"62,642",0,0
7/9/2023,"71,854",0,0
7/10/2023,"64,768",0,0
7/11/2023,"56,419",0,0
7/12/2023,"44,683",0,0
7/13/2023,"38,199",21.2,0
7/14/2023,"36,997",0,0
7/15/2023,"38,306",1,0
7/16/2023,"46,541",3.4,0
7/17/2023,"48,612",0,0
7/18/2023,"58,787",0,0
7/19/2023,"65,368",24.7,0
7/20/2023,"65,842",1.3,0
7/21/2023,"59,093",0,0
7/22/2023,"46,456",0,0
7/23/2023,"47,089",0,0
7/24/2023,"41,371",6.2,0
7/25/2023,"46,921",35.6,0
7/26/2023,"55,865",0,0
7/27/2023,"62,755",0,0
7/28/2023,"66,184",0,0
7/29/2023,"71,645",0,0
7/30/2023,"79,869",0,0
7/31/2023,"71,507",0,0
8/1/2023,129,0,1
8/2/2023,"32,880",0,0
8/3/2023,"33,485",1.8,0
8/4/2023,"39,443",0,0
8/5/2023,"40,543",0,0
8/6/2023,"49,318",0,0
8/7/2023,"53,436",0,0
8/8/2023,"63,989",0,0
8/9/2023,"64,078",0,0
8/10/2023,"61,644",0,0
8/11/2023,"44,959",5.8,0
8/12/2023,"36,794",0,0
8/13/2023,"42,912",0,0
8/14/2023,"38,624",0,0
8/15/2023,"40,301",0,0
8/16/2023,"38,048",0,0
8/17/2023,"38,230",2.7,0
8/18/2023,"45,504",0,0
8/19/2023,"44,059",0,0
8/20/2023,"54,548",0,0
8/21/2023,"41,372",0,0
8/22/2023,"40,602",5.8,0
8/23/2023,"36,308",0,0
8/24/2023,"35,499",0,0
8/25/2023,"38,627",0,0
8/26/2023,"35,695",0,0
8/27/2023,"42,804",3.5,0
8/28/2023,"48,004",7.6,0
8/29/2023,"58,721",44,0
8/30/2023,"51,600",15.5,0
8/31/2023,"74,243",35,0
9/1/2023,"1,498",36.7,0
9/2/2023,"34,260",34.3,0
9/3/2023,"18,807",56.7,0
9/4/2023,"42,568",8.5,0
9/5/2023,"40,605",82.3,0
9/6/2023,"38,495",32.7,0
9/7/2023,"53,426",35.8,0
9/8/2023,"56,235",5.3,0
9/9/2023,"48,626",12.7,0
9/10/2023,"52,267",33,0
9/11/2023,"40,625",26.7,0
9/12/2023,"41,902",1,0
9/13/2023,"36,414",35,0
9/14/2023,"35,348",30.7,0
9/15/2023,"31,092",0,0
9/16/2023,"33,376",0,0
9/17/2023,"39,381",14.5,0
9/18/2023,"37,821",18.7,0
9/19/2023,"52,761",29,0
9/20/2023,"51,591",0,0
9/21/2023,"42,238",7.9,0
9/22/2023,"42,740",24,0
9/23/2023,"40,449",0,0
9/24/2023,"45,377",21.6,0
9/25/2023,"49,163",19.8,0
9/26/2023,"48,291",24.5,0
9/27/2023,"65,849",92.5,0
9/28/2023,"51,421",63.3,1
9/29/2023,"92,938",42,0
9/30/2023,"113,093",0,0
10/1/2023,"6,571",29,0
10/2/2023,"47,286",19.6,0
10/3/2023,"49,808",25,0
10/4/2023,"57,765",37.2,0
10/5/2023,"51,201",40.7,0
10/6/2023,"50,713",60.2,0
10/7/2023,"63,588",1.6,0
10/8/2023,"72,404",0,0
10/9/2023,"69,189",0,0
10/10/2023,"81,430",7.5,0
10/11/2023,"67,884",0,0
10/12/2023,"61,124",0,0
10/13/2023,"51,423",1.3,0
10/14/2023,"39,495",2.3,0
10/15/2023,"44,116",0,0
10/16/2023,"46,628",0,0
10/17/2023,"52,912",6.2,0
10/18/2023,"50,858",28,0
10/19/2023,"60,835",8.2,0
10/20/2023,"62,925",13.8,0
10/21/2023,"51,286",1,0
10/22/2023,"47,877",1.4,0
10/23/2023,"40,614",0,0
10/24/2023,"42,498",0,0
